{"cameraMode":{"drawMode":0,"name":"Shaded","section":"Shading Mode"},"sceneLighting":true,"audioPlay":false,"sceneViewState":{"m_AlwaysRefresh":false,"showFog":true,"showSkybox":true,"showFlares":true,"showImageEffects":true,"showParticleSystems":true,"showVisualEffectGraphs":true,"m_FxEnabled":true},"in2DMode":false,"pivot":{"x":-0.33699989318847659,"y":3.6329996585845949,"z":-48.755008697509769},"rotation":{"x":0.26957467198371889,"y":0.17734302580356599,"z":-0.05049031972885132,"w":0.9452111721038818},"size":19.639184951782228,"orthographic":false}