{"cameraMode":{"drawMode":0,"name":"Shaded","section":"Shading Mode"},"sceneLighting":true,"audioPlay":false,"sceneViewState":{"m_AlwaysRefresh":false,"showFog":true,"showSkybox":true,"showFlares":true,"showImageEffects":true,"showParticleSystems":true,"showVisualEffectGraphs":true,"m_FxEnabled":true},"in2DMode":false,"pivot":{"x":-2.5819332599639894,"y":-0.07314598560333252,"z":-0.43083953857421877},"rotation":{"x":-0.13600510358810426,"y":-0.8268044590950012,"z":0.22643190622329713,"w":-0.49661579728126528},"size":20.02056312561035,"orthographic":false}